{"init_params": {"cat_dims": [], "cat_emb_dim": [], "cat_idxs": [], "clip_value": 1, "device_name": "cuda", "epsilon": 1e-15, "gamma": 1.5, "grouped_features": [], "input_dim": 19, "lambda_sparse": 0.001, "mask_type": "sparsemax", "momentum": 0.02, "n_a": 32, "n_d": 32, "n_indep_decoder": 1, "n_independent": 2, "n_shared": 2, "n_shared_decoder": 1, "n_steps": 7, "optimizer_params": {"lr": 0.0001, "weight_decay": 1e-06}, "output_dim": 2, "scheduler_params": {"step_size": 25, "gamma": 0.85}, "seed": 0, "verbose": 1}, "class_attrs": {"preds_mapper": {"0": 0, "1": 1}}}